<?xml version="1.0" encoding="UTF-8"?>
<project-private xmlns="http://www.netbeans.org/ns/project-private/1">
    <editor-bookmarks xmlns="http://www.netbeans.org/ns/editor-bookmarks/2" lastBookmarkId="0"/>
    <open-files xmlns="http://www.netbeans.org/ns/projectui-open-files/2">
        <group>
            <file>file:/D:/NetBeans/CampoMinado/src/campominado/Bloco.java</file>
            <file>file:/D:/NetBeans/CampoMinado/src/campominado/Contador.java</file>
            <file>file:/D:/NetBeans/CampoMinado/src/campominado/Ajuda.java</file>
            <file>file:/D:/NetBeans/CampoMinado/src/campominado/CampoMinado.java</file>
            <file>file:/D:/NetBeans/CampoMinado/src/campominado/Tabuleiro.java</file>
            <file>file:/D:/NetBeans/CampoMinado/src/campominado/SmileFace.java</file>
            <file>file:/D:/NetBeans/CampoMinado/src/campominado/PainelDigital.java</file>
        </group>
    </open-files>
</project-private>
